{
    "list": [
        0.0,
        356000.0,
        0.0,
        0.0,
        386000.0,
        1075000.0,
        752000.0,
        388000.0,
        322000.0,
        0.0,
        327000.0,
        0.0,
        943000.0,
        0.0,
        728000.0,
        112000.0,
        202000.0,
        317000.0,
        377000.0,
        541000.0,
        374000.0,
        750000.0,
        0.0,
        273000.0,
        0.0,
        358000.0,
        447000.0,
        606000.0,
        935000.0,
        0.0,
        367000.0,
        171000.0,
        230000.0,
        465000.0,
        490000.0,
        840000.0,
        0.0,
        383000.0,
        0.0,
        86000.0,
        413000.0,
        933000.0,
        826000.0,
        0.0,
        378000.0,
        0.0,
        0.0,
        384000.0,
        1077000.0,
        811000.0,
        294000.0,
        357000.0,
        0.0,
        370000.0,
        0.0,
        1208000.0,
        79000.0,
        478000.0,
        242000.0,
        0.0,
        351000.0,
        387000.0,
        541000.0,
        372000.0,
        582000.0,
        153000.0,
        180000.0,
        215000.0,
        0.0,
        1012000.0,
        492000.0,
        911000.0,
        0.0,
        338000.0,
        259000.0,
        302000.0,
        502000.0,
        388000.0,
        851000.0,
        0.0,
        367000.0,
        0.0,
        238000.0,
        414000.0,
        734000.0,
        896000.0,
        0.0,
        388000.0,
        0.0,
        0.0,
        369000.0,
        1005000.0,
        701000.0,
        207000.0,
        379000.0,
        0.0,
        397000.0,
        0.0,
        1183000.0,
        392000.0,
        352000.0,
        309000.0,
        0.0,
        0.0,
        370000.0,
        916000.0,
        550000.0,
        468000.0,
        254000.0,
        0.0,
        230000.0,
        0.0,
        1127000.0,
        283000.0,
        854000.0,
        0.0,
        293000.0,
        249000.0,
        346000.0,
        526000.0,
        386000.0,
        829000.0,
        0.0,
        336000.0,
        0.0,
        310000.0,
        442000.0,
        693000.0,
        929000.0,
        0.0,
        385000.0,
        0.0,
        0.0,
        450000.0,
        776000.0,
        763000.0,
        0.0,
        388000.0,
        0.0,
        0.0,
        411000.0,
        1115000.0
    ],
    "max": 1208000.0,
    "min": 0.0,
    "mean": 368288.7323943662,
    "std": 325975.5797685395
}